Method,Job,AnalyzeLaunchVariance,EvaluateOverhead,MaxAbsoluteError,MaxRelativeError,MinInvokeCount,MinIterationTime,OutlierMode,Affinity,EnvironmentVariables,Jit,LargeAddressAware,Platform,PowerPlanMode,Runtime,AllowVeryLargeObjects,Concurrent,CpuGroups,Force,HeapAffinitizeMask,HeapCount,NoAffinitize,RetainVm,Server,Arguments,BuildConfiguration,Clock,EngineFactory,NuGetReferences,Toolchain,IsMutator,InvocationCount,IterationCount,IterationTime,LaunchCount,MaxIterationCount,MaxWarmupIterationCount,MemoryRandomization,MinIterationCount,MinWarmupIterationCount,RunStrategy,UnrollFactor,WarmupCount,N,Mean,Error,StdDev,Ratio,RatioSD,Gen0,Allocated,Alloc Ratio
BoolOverload,DefaultJob,False,Default,Default,Default,Default,Default,Default,000000000000,Empty,RyuJit,Default,Arm64,8c5e7fda-e8bf-4a96-9a85-a6e23a8c635c,.NET 10.0,False,True,False,True,Default,Default,False,False,False,Default,Default,Default,Default,Default,Default,Default,Default,Default,Default,Default,Default,Default,Default,Default,Default,Default,16,Default,10,15.71 ns,0.242 ns,0.214 ns,1.00,0.02,0.0134,112 B,1.00
IntOverload,DefaultJob,False,Default,Default,Default,Default,Default,Default,000000000000,Empty,RyuJit,Default,Arm64,8c5e7fda-e8bf-4a96-9a85-a6e23a8c635c,.NET 10.0,False,True,False,True,Default,Default,False,False,False,Default,Default,Default,Default,Default,Default,Default,Default,Default,Default,Default,Default,Default,Default,Default,Default,Default,16,Default,10,15.94 ns,0.274 ns,0.256 ns,1.02,0.02,0.0134,112 B,1.00
FixQuotesOverload,DefaultJob,False,Default,Default,Default,Default,Default,Default,000000000000,Empty,RyuJit,Default,Arm64,8c5e7fda-e8bf-4a96-9a85-a6e23a8c635c,.NET 10.0,False,True,False,True,Default,Default,False,False,False,Default,Default,Default,Default,Default,Default,Default,Default,Default,Default,Default,Default,Default,Default,Default,Default,Default,16,Default,10,15.93 ns,0.339 ns,0.333 ns,1.01,0.02,0.0134,112 B,1.00
BoolOverload,DefaultJob,False,Default,Default,Default,Default,Default,Default,000000000000,Empty,RyuJit,Default,Arm64,8c5e7fda-e8bf-4a96-9a85-a6e23a8c635c,.NET 10.0,False,True,False,True,Default,Default,False,False,False,Default,Default,Default,Default,Default,Default,Default,Default,Default,Default,Default,Default,Default,Default,Default,Default,Default,16,Default,100,15.93 ns,0.323 ns,0.302 ns,1.00,0.03,0.0134,112 B,1.00
IntOverload,DefaultJob,False,Default,Default,Default,Default,Default,Default,000000000000,Empty,RyuJit,Default,Arm64,8c5e7fda-e8bf-4a96-9a85-a6e23a8c635c,.NET 10.0,False,True,False,True,Default,Default,False,False,False,Default,Default,Default,Default,Default,Default,Default,Default,Default,Default,Default,Default,Default,Default,Default,Default,Default,16,Default,100,16.02 ns,0.161 ns,0.135 ns,1.01,0.02,0.0134,112 B,1.00
FixQuotesOverload,DefaultJob,False,Default,Default,Default,Default,Default,Default,000000000000,Empty,RyuJit,Default,Arm64,8c5e7fda-e8bf-4a96-9a85-a6e23a8c635c,.NET 10.0,False,True,False,True,Default,Default,False,False,False,Default,Default,Default,Default,Default,Default,Default,Default,Default,Default,Default,Default,Default,Default,Default,Default,Default,16,Default,100,15.75 ns,0.221 ns,0.196 ns,0.99,0.02,0.0134,112 B,1.00
BoolOverload,DefaultJob,False,Default,Default,Default,Default,Default,Default,000000000000,Empty,RyuJit,Default,Arm64,8c5e7fda-e8bf-4a96-9a85-a6e23a8c635c,.NET 10.0,False,True,False,True,Default,Default,False,False,False,Default,Default,Default,Default,Default,Default,Default,Default,Default,Default,Default,Default,Default,Default,Default,Default,Default,16,Default,1000,15.87 ns,0.057 ns,0.051 ns,1.00,0.00,0.0134,112 B,1.00
IntOverload,DefaultJob,False,Default,Default,Default,Default,Default,Default,000000000000,Empty,RyuJit,Default,Arm64,8c5e7fda-e8bf-4a96-9a85-a6e23a8c635c,.NET 10.0,False,True,False,True,Default,Default,False,False,False,Default,Default,Default,Default,Default,Default,Default,Default,Default,Default,Default,Default,Default,Default,Default,Default,Default,16,Default,1000,15.77 ns,0.158 ns,0.140 ns,0.99,0.01,0.0134,112 B,1.00
FixQuotesOverload,DefaultJob,False,Default,Default,Default,Default,Default,Default,000000000000,Empty,RyuJit,Default,Arm64,8c5e7fda-e8bf-4a96-9a85-a6e23a8c635c,.NET 10.0,False,True,False,True,Default,Default,False,False,False,Default,Default,Default,Default,Default,Default,Default,Default,Default,Default,Default,Default,Default,Default,Default,Default,Default,16,Default,1000,15.72 ns,0.034 ns,0.030 ns,0.99,0.00,0.0134,112 B,1.00
